{
    "Validation_RMSE": 661.6430937945753,
    "Validation_MAPE": 1434572536.9235616
}